english_word,spanish_word,idk,idk
"hello","hola","1 interjection",""
"yes","sí","1 interjection",""
"no","no","1 interjection",""
"excuse me /2","perdón","1 interjection",""
"excuse me /3","disculpe","1 interjection",""
"may I?","permiso","1 interjection",""
"sorry","lo siento","1 interjection",""
"please","por favor","1 interjection",""
"thank-you","gracias","1 interjection",""
"you're welcome","de nada","1 interjection",""
"pardon?","¿perdón?","1 interjection",""
"okay","okay","1 interjection",""
"good","bueno","1 interjection",""
"welcome","bienvenido","1 interjection",""
"bye","chao","1 interjection",""
"goodbye","adiós","1 interjection",""
"mr","señor","1 interjection",""
"mrs","señora","1 interjection",""
"miss","señorita","1 interjection",""
"of course x1","claro","1 interjection",""
"no big deal","no importa","1 interjection",""
"peace","tranquilo","1 interjection",""
"how do you say ... in Spanish?","¿cómo se dice ... en español?","1 phrase language",""
"what is ... in English?","¿qué es ... en inglés?","1 phrase language",""
"I speak Spanish","hablo español","1 phrase language",""
"I don't speak Spanish","no hablo español","1 phrase language",""
"do you speak English?","¿hablas inglés?","1 phrase language",""
"a little","un poco","1 phrase language",""
"I don't speak very well","no hablo muy bien","1 phrase language",""
"I understand","entiendo","1 phrase language",""
"I don't understand","no entiendo","1 phrase language",""
"do you understand me?","¿me entiendes?","1 phrase language",""
"say again","dilo de nuevo","1 phrase language",""
"how do you spell that?","¿cómo lo deletreas?","1 phrase language",""
"what is that?","¿qué es ese?","1 phrase language",""
"I don't know","no lo sé","1 phrase language",""
"you speak too fast","hablas demasiado rápido","1 phrase language",""
"please speak slowly","habla lento por favor","1 phrase language",""
"is that correct?","¿es correcto?","1 phrase language",""
"Is that correct Spanish?","¿es buen español?","1 phrase language",""
"do you have a room?","¿tiene un cuarto?","1 phrase travel",""
"take a photo of me","sácame una foto","1 phrase travel",""
"I have a problem","tengo un problema","1 phrase travel",""
"where is Florida Avenue?","¿dónde esta avenida florida?","1 phrase travel",""
"how much is it?","¿cuánto cuesta?","1 phrase trade",""
"I`m just looking","estoy mirando","1 phrase trade",""
"good morning /2","buenos días","1 phrase conversation",""
"good morning /1","buen día","1 phrase conversation",""
"good afternoon","buenas tardes","1 phrase conversation",""
"good evening","buenas noches","1 phrase conversation",""
"how are you? /1","¿qué tal?","1 phrase conversation",""
"how are you? /2","¿cómo estás?","1 phrase conversation",""
"how is it going? /1 @arg","¿cómo vas?","1 phrase conversation",""
"how is it going? /2 @arg","¿cómo andas?","1 phrase conversation",""
"how is it going sir? /2","¿cómo anda?","1 phrase conversation",""
"fine thanks","bien gracias","1 phrase conversation",""
"what's happening?","¿qué pasa?","1 phrase conversation",""
"what happened?","¿qué pasó?","1 phrase conversation",""
"what is your name? x3","¿cómo te llamas?","1 phrase conversation",""
"what is your name? x4","¿cuál es tu nombre?","1 phrase conversation",""
"I am called Roger","me llamo Roger","1 phrase conversation",""
"my name is Roger","mi nombre es roger","1 phrase conversation",""
"I am Roger","soy roger","1 phrase conversation",""
"nice to meet you x1","encantado","1 phrase conversation",""
"nice to meet you x2","mucho gusto","1 phrase conversation",""
"likewise","igualmente","1 phrase conversation",""
"where are you from?","¿de dónde eres?","1 phrase conversation",""
"I am Australian","soy australiano","1 phrase conversation",""
"where do you live?","¿dónde vives?","1 phrase conversation",""
"I live here","vivo acá","1 phrase conversation",""
"how long are you here?","por cuánto tiempo estás acá?","1 phrase conversation",""
"I am here for 1 month","estoy acá por un mes","1 phrase conversation",""
"when did you arrive?","¿cuándo llegaste?","1 phrase conversation",""
"I arrived today","llegué hoy","1 phrase conversation",""
"what do you do? x2","¿qué haces?","1 phrase conversation",""
"what do you do? x4","¿a qué te dedicas?","1 phrase conversation",""
"I am a porn star","soy estrella porno","1 phrase conversation",""
"what do you do for fun?","¿qué haces para divertirte?","1 phrase conversation",""
"I like running","me gusta correr","1 phrase conversation",""
"how old are you?","¿cuántos años tienes?","1 phrase conversation",""
"I am 30","tengo treinta años","1 phrase conversation",""
"what time is it?","¿qué hora es?","1 phrase time",""
"It's 10am","son las diez","1 phrase time",""
"more or less","más o menos","1 phrase",""
"I am hungry","tengo hambre","1 idiom",""
"I am thirsty","tengo sed","1 idiom",""
"I am sleepy","tengo sueño","1 idiom",""
"zero","cero","1 number",""
"one","uno","1 number",""
"two","dos","1 number",""
"three","tres","1 number",""
"four","cuatro","1 number",""
"five","cinco","1 number",""
"six","seis","1 number",""
"seven","siete","1 number",""
"eight","ocho","1 number",""
"nine","nueve","1 number",""
"ten","diez","1 number",""
"eleven","once","1 number",""
"twelve","doce","1 number",""
"thirteen","trece","1 number",""
"fourteen","catorce","1 number",""
"fifteen","quince","1 number",""
"sixteen","dieciséis","1 number",""
"seventeen","diecisiete","1 number",""
"eighteen","dieciocho","1 number",""
"nineteen","diecinueve","1 number",""
"twenty","veinte","1 number",""
"thirty","treinta","1 number",""
"forty","cuarenta","1 number",""
"fifty","cincuenta","1 number",""
"sixty","sesenta","1 number",""
"seventy","setenta","1 number",""
"eighty","ochenta","1 number",""
"ninety","noventa","1 number",""
"one hundred","cien","1 number",""
"two hundred","doscientos","1 number",""
"three hundred","trescientos","1 number",""
"four hundred","cuatrocientos","1 number",""
"five hundred","quinientos","1 number",""
"six hundred","seiscientos","1 number",""
"seven hundred","setecientos","1 number",""
"eight hundred","ochocientos","1 number",""
"nine hundred","novecientos","1 number",""
"one thousand","mil","1 number",""
"one million","un millón","1 number",""
"who","quién","1 interrogative",""
"what","qué","1 interrogative",""
"when","cuándo","1 interrogative",""
"where","dónde","1 interrogative",""
"why","por qué","1 interrogative",""
"which","cuál","1 interrogative",""
"how","cómo","1 interrogative",""
"how long","cuánto tiempo","1 interrogative",""
"how much","cuánto","1 interrogative",""
"how often","cada cuánto","1 interrogative",""
"at where","adónde","1 interrogative",""
"I","yo","1 pronoun subject",""
"you","tú","1 pronoun subject",""
"you @arg","vos","1 pronoun subject",""
"you sir ","usted","1 pronoun subject",""
"he","él","1 pronoun subject",""
"she","ella","1 pronoun subject",""
"we","nosotros","1 pronoun subject",""
"youz","ustedes","1 pronoun subject",""
"they :m","ellos","1 pronoun subject",""
"they :f","ellas","1 pronoun subject",""
"I see me","me veo","1 pronoun object",""
"I see you","te veo","1 pronoun object",""
"I see him","lo veo","1 pronoun object",""
"I see her","la veo","1 pronoun object",""
"I see us","nos veo","1 pronoun object",""
"I see youz","los veo","1 pronoun object",""
"I see m:them","los veo","1 pronoun object",""
"I see f:them","las veo","1 pronoun object",""
"for me","para mí","1 pronoun prepositional",""
"for you","para ti","1 pronoun prepositional",""
"for him","para él","1 pronoun prepositional",""
"for her","para ella","1 pronoun prepositional",""
"for us","para nosotros","1 pronoun prepositional",""
"for youz","para ustedes","1 pronoun prepositional",""
"for m:them","para ellos","1 pronoun prepositional",""
"for f:them","para ellas","1 pronoun prepositional",""
"nothing","nada","1 pronoun indefinite",""
"something","algo","1 pronoun indefinite",""
"this :f","ésta","1 pronoun demonstrative",""
"this :m","éste","1 pronoun demonstrative",""
"this :n","esto","1 pronoun demonstrative",""
"that :f","ésa","1 pronoun demonstrative",""
"that :m","ése","1 pronoun demonstrative",""
"that :n","eso","1 pronoun demonstrative",""
"these :f","éstas","1 pronoun demonstrative",""
"these :m","éstos","1 pronoun demonstrative",""
"those :f","ésas","1 pronoun demonstrative",""
"those :m","ésos","1 pronoun demonstrative",""
"mine","mío","1 pronoun demonstrative",""
"yours","tuyo","1 pronoun demonstrative",""
"his","suyo","1 pronoun demonstrative",""
"ours","nuestro","1 pronoun demonstrative",""
"yourzs","suyo","1 pronoun demonstrative",""
"theirs","suyo","1 pronoun demonstrative",""
"to be","ser","1 copula",""
"I am","yo soy","1 copula",""
"you are","tú eres","1 copula",""
"you are @arg","vos sos","1 copula",""
"he is","él es","1 copula",""
"she is","ella es","1 copula",""
"we are","nosotros somos","1 copula",""
"youz are","ustedes son","1 copula",""
"m:they are","ellos son","1 copula",""
"f:they are","ellas son","1 copula",""
"there is","hay","1 copula",""
"there was","había","1 copula",""
"to be now","estar","1 copula",""
"I am now","yo estoy","1 copula",""
"you are now","tú estás","1 copula",""
"you are now @arg","vos estás","1 copula",""
"he is now","él está","1 copula",""
"she is now","ella está","1 copula",""
"we are now","nosotros estamos","1 copula",""
"youz are","ustedes están","1 copula",""
"m:they are now","ellos están","1 copula",""
"f:they are now","ellas están","1 copula",""
"here /á","acá","1 adverb navigation",""
"here /í","aquí","1 adverb navigation",""
"just there","ahí","1 adverb navigation",""
"there","allí","1 adverb navigation",""
"over there","allá","1 adverb navigation",""
"up","arriba","1 adverb navigation",""
"down","abajo","1 adverb navigation",""
"right now @peru","ahorita","1 adverb temporal",""
"still","todavía","1 adverb temporal",""
"yet","todavía","1 adverb temporal",""
"already","ya","1 adverb temporal",""
"always","siempre","1 adverb temporal",""
"never","nunca","1 adverb temporal",""
"now","ahora","1 adverb temporal",""
"later","más tarde","1 adverb temporal",""
"yesterday","ayer","1 adverb temporal",""
"today","hoy","1 adverb temporal",""
"tomorrow","mañana","1 adverb temporal",""
"too much","demasiado","1 adverb",""
"like that","así","1 adverb",""
"enough","bastante","1 adverb",""
"slowly","despacio","1 adverb",""
"fast","rápido","1 adverb",""
"not","no","1 adverb",""
"maybe x1","quizás","1 adverb",""
"maybe x2","tal vez","1 adverb",""
"very","muy","1 adverb",""
"much","mucho","1 adverb",""
"as much","tanto","1 adverb",""
"well","bien","1 adverb",""
"also","también","1 adverb",""
"neither","tampoco","1 adverb",""
"only","sólo","1 adverb",""
"my friend","mi amigo","1 determiner personal",""
"my friends","mis amigos","1 determiner personal",""
"your friend","tu amigo","1 determiner personal",""
"your friends","tus amigos","1 determiner personal",""
"yourz friend","su amigo","1 determiner personal",""
"yourz friends","sus amigos","1 determiner personal",""
"his friend","su amigo","1 determiner personal",""
"his friends","sus amigos","1 determiner personal",""
"her friend","su amigo","1 determiner personal",""
"her friends","sus amigos","1 determiner personal",""
"their friend","su amigo","1 determiner personal",""
"their friends","sus amigos","1 determiner personal",""
"our m:friend","nuestro amigo","1 determiner personal",""
"our m:friends","nuestros amigos","1 determiner personal",""
"our f:friend","nuestra amiga","1 determiner personal",""
"our f:friends","nuestras amigas","1 determiner personal",""
"a boy","un chico","1 determiner",""
"a girl","una chica","1 determiner",""
"the boy","el chico","1 determiner",""
"the girl","la chica","1 determiner",""
"this boy","este chico","1 determiner",""
"this girl","esta chica","1 determiner",""
"that boy","ese chico","1 determiner",""
"that girl","esa chica","1 determiner",""
"these boys","estos chicos","1 determiner",""
"these girls","estas chicas","1 determiner",""
"those boys","esos chicos","1 determiner",""
"those girls","esas chicas","1 determiner",""
"some boys","unos chicos","1 determiner",""
"some girls","unas chicas","1 determiner",""
"all","todo","1 determiner",""
"and","y","1 conjunction",""
"or","o","1 conjunction",""
"if","si","1 conjunction",""
"but","pero","1 conjunction",""
"because","porque","1 conjunction",""
"in that case","entonces","1 conjunction",""
"at","a","1 preposition",""
"in","en","1 preposition",""
"of","de","1 preposition",""
"for /1","por","1 preposition",""
"for /2","para","1 preposition",""
"with","con","1 preposition",""
"without","sin","1 preposition",""
"from","de","1 preposition",""
"to","a","1 preposition",""
"until","hasta","1 preposition",""
"since","desde","1 preposition",""
"about","sobre","1 preposition",""
"behind","atrás","1 preposition",""
"in front","en frente","1 preposition",""
"with me","conmigo","1 preposition",""
"with you","contigo","1 preposition",""
"nor","ni","1 preposition",""
"to be","ser =<~""","1 verb passive",""
"to be now","estar <""","1 verb passive",""
"to have","tener <>g/","1 verb passive",""
"to x/have","haber =<>","1 verb passive",""
"to live","vivir","1 verb passive",""
"to be able to","poder <>/","1 verb passive",""
"to know","saber =<>","1 verb passive",""
"to know of","conocer ""","1 verb passive",""
"to understand /t","entender /","1 verb passive",""
"to think","pensar /","1 verb passive",""
"to want","querer <>/","1 verb passive",""
"to feel","sentir /^","1 verb passive",""
"to like","gustar","1 verb passive",""
"to love","amar","1 verb passive",""
"to forget","olvidar","1 verb passive",""
"to believe","creer ""","1 verb passive",""
"to need","necesitar","1 verb passive",""
"to be short","faltar","1 verb passive",""
"to owe","deber","1 verb passive",""
"to let","dejar","1 verb passive",""
"to hope","esperar","1 verb passive",""
"to win","ganar","1 verb passive",""
"to lose","perder /","1 verb passive",""
"to go","ir =<~","1 verb motive",""
"to go out","salir >g","1 verb motive",""
"to come","venir <>g/^","1 verb motive",""
"to arrive","llegar ""","1 verb motive",""
"to follow","seguir ^""","1 verb motive",""
"to stay","quedarse","1 verb motive",""
"to put","poner <>g","1 verb motive",""
"to return","regresar","1 verb motive",""
"to pass","pasar","1 verb motive",""
"to bring","traer ""g<","1 verb motive",""
"to pass through","pasear","1 verb motive",""
"to turn","doblar","1 verb motive",""
"to stop","parar","1 verb motive",""
"to take out","sacar ""","1 verb motive",""
"to go up","subir","1 verb motive",""
"to go down","bajar","1 verb motive",""
"to speak","hablar","1 verb communicative",""
"to listen","escuchar","1 verb communicative",""
"to say","decir <>g^","1 verb communicative",""
"to see","ver =~","1 verb communicative",""
"to look","mirar","1 verb communicative",""
"to read","leer","1 verb communicative",""
"to write","escribir","1 verb communicative",""
"to ask","preguntar","1 verb communicative",""
"to request","pedir ^","1 verb communicative",""
"to be called","llamar","1 verb communicative",""
"to send","enviar","1 verb communicative",""
"to receive","recibir","1 verb communicative",""
"to repeat","repetir ^","1 verb communicative",""
"to mean x1","significar","1 verb communicative",""
"to mean x2","querer decir","1 verb communicative",""
"to do","hacer <>g","1 verb active",""
"to use","usar","1 verb active",""
"to study","estudiar","1 verb active",""
"to learn","aprender","1 verb active",""
"to find","encontrar /","1 verb active",""
"to give","dar <""","1 verb active",""
"to take","tomar","1 verb active",""
"to eat","comer","1 verb active",""
"to drink","beber","1 verb active",""
"to work","trabajar","1 verb active",""
"to look for","buscar","1 verb active",""
"to travel","viajar","1 verb active",""
"to pay","pagar","1 verb active",""
"to buy","comprar","1 verb active",""
"to sell","vender","1 verb active",""
"to rent","alquilar","1 verb active",""
"to change","cambiar","1 verb active",""
"to help","ayudar","1 verb active",""
"to begin","empezar /=","1 verb active",""
"to eat breakfast","desayunar","1 verb active",""
"to eat lunch","almorzar ""/","1 verb active",""
"to eat dinner","cenar","1 verb active",""
"I go","voy *","1 conjugation",""
"you go","vas *","1 conjugation",""
"he goes","va *","1 conjugation",""
"they go","van *","1 conjugation",""
"youz go","van *","1 conjugation",""
"we go","vamos *","1 conjugation",""
"I give","doy *","1 conjugation",""
"I am","soy =","1 conjugation",""
"I know","sé =","1 conjugation",""
"I have","tengo g","1 conjugation",""
"I go out","salgo g","1 conjugation",""
"I come","vengo g","1 conjugation",""
"I put","pongo g","1 conjugation",""
"I bring","traigo g","1 conjugation",""
"I say","digo g","1 conjugation",""
"I hear","oigo g","1 conjugation",""
"I do","hago g","1 conjugation",""
"He has","tiene /","1 conjugation",""
"I want","quiero /","1 conjugation",""
"I can","puedo /","1 conjugation",""
"I understand","entiendo /","1 conjugation",""
"I think","pienso /","1 conjugation",""
"I feel","siento /","1 conjugation",""
"I prefer","prefiero /","1 conjugation",""
"I turn around","vuelvo /","1 conjugation",""
"I lose","pierdo /","1 conjugation",""
"he comes","viene /","1 conjugation",""
"I sit","me siento /","1 conjugation",""
"I descend","desciendo /","1 conjugation",""
"I count","cuento /","1 conjugation",""
"I find","encuentro /","1 conjugation",""
"I eat lunch","almuerzo /","1 conjugation",""
"I have eaten","he comido","1 conjugation",""
"you have eaten","has comido","1 conjugation",""
"he has eaten","ha comido","1 conjugation",""
"we have eaten","hemos comido","1 conjugation",""
"youz have eaten","han comido","1 conjugation",""
"they have eaten","han comido","1 conjugation",""
"come!","ven *","1 conjugation",""
"say!","di *","1 conjugation",""
"I was <","fui <","1 conjugation",""
"I was then <","estuve <","1 conjugation",""
"I had <","tuve <","1 conjugation",""
"I wanted <","quise <","1 conjugation",""
"I could <","pude <","1 conjugation",""
"I knew <","supe <","1 conjugation",""
"I went <","fui <","1 conjugation",""
"I said <","dije <","1 conjugation",""
"I did <","hice <","1 conjugation",""
"I know of","conozco ""","1 conjugation",""
"you say","dices ^","1 conjugation",""
"one dog / two dogs","un perro / dos perros","1 syntax",""
"to have to","tener que","1 pattern",""
"it is necessary","hay que","1 pattern",""
"I eat","como","1 pattern",""
"I can eat","puedo comer","1 pattern",""
"I must eat","tengo que comer","1 pattern",""
"I am going to eat","voy a comer","1 pattern",""
"I like","me gusta","1 pattern",""
"good","bueno","1 adjective quality",""
"better","mejor","1 adjective quality",""
"best","lo mejor","1 adjective quality",""
"bad","mal","1 adjective quality",""
"worse","peor","1 adjective quality",""
"worst","lo peor","1 adjective quality",""
"excellent","excelente","1 adjective quality",""
"same","mismo","1 adjective quality",""
"the same","lo mismo","1 adjective quality",""
"different","diferente","1 adjective quality",""
"terrible","terrible","1 adjective quality",""
"cheap","barato","1 adjective quality",""
"expensive /2","caro","1 adjective quality",""
"expensive /3","costoso","1 adjective quality",""
"interesting","interesante","1 adjective quality",""
"big","grande","1 adjective condition",""
"small","pequeño","1 adjective condition",""
"difficult","difícil","1 adjective condition",""
"easy","fácil","1 adjective condition",""
"new","nuevo","1 adjective condition",""
"dangerous","peligroso","1 adjective condition",""
"important","importante","1 adjective condition",""
"wrong","equivocado","1 adjective state",""
"correct","correcto","1 adjective state",""
"cold","frío","1 adjective state",""
"hot","caliente","1 adjective state",""
"open","abierto","1 adjective state",""
"closed","cerrado","1 adjective state",""
"clean","limpio","1 adjective state",""
"dirty","sucio","1 adjective state",""
"far","lejos","1 adjective state",""
"near","cerca","1 adjective state",""
"rich","rico","1 adjective state",""
"happy","alegre","1 adjective emotion",""
"crazy","loco","1 adjective personality",""
"intelligent","inteligente","1 adjective personality",""
"white","blanco","1 adjective colour",""
"black","negro","1 adjective colour",""
"red","rojo","1 adjective colour",""
"blue","azul","1 adjective colour",""
"green","verde","1 adjective colour",""
"orange","naranja","1 adjective colour",""
"yellow","amarillo","1 adjective colour",""
"early","temprano","1 adjective temporal",""
"late","tarde","1 adjective temporal",""
"left","izquierda","1 adjective",""
"right","derecho","1 adjective",""
"less","menos","1 adjective",""
"more","más","1 adjective",""
"a word","una palabra","1 noun language",""
"a hotel","un hotel","1 noun travel",""
"a hostel","un hostel","1 noun travel",""
"lodgings","el hospedaje","1 noun travel",""
"a room /4","una habitación","1 noun travel",""
"a room /2","un cuarto","1 noun travel",""
"the bed","la cama","1 noun travel",""
"the internet","el internet","1 noun travel",""
"a telephone","un teléfono","1 noun travel",""
"the key","la llave","1 noun travel",""
"the station","la estación","1 noun travel",""
"the train","el tren","1 noun travel",""
"the bus","el bus","1 noun travel",""
"the metro","el metro","1 noun travel",""
"a car","un carro","1 noun travel",""
"a taxi","un taxi","1 noun travel",""
"a plane","un avión","1 noun travel",""
"a ticket","una boleta","1 noun travel",""
"part","el parte","1 noun travel",""
"a country","un país","1 noun travel",""
"information","la información","1 noun travel",""
"a photo","una foto","1 noun travel",""
"a map","un mapa","1 noun travel",""
"money /3","el dinero","1 noun trade",""
"money /2","la plata","1 noun trade",""
"an atm","un cajero automático","1 noun trade",""
"credit card","la tarjeta de crédito","1 noun trade",""
"a dollar","un dólar","1 noun trade",""
"a cent","un centavo","1 noun trade",""
"a cent @peru","un céntimo","1 noun trade",""
"an account","una cuenta","1 noun trade",""
"the receipt","la factura","1 noun trade",""
"small change","el sencillo","1 noun trade",""
"the time","el tiempo","1 noun time",""
"a second","un segundo","1 noun time",""
"a minute","un minuto","1 noun time",""
"an hour","una hora","1 noun time",""
"a day","un día","1 noun time",""
"a week","una semana","1 noun time",""
"a month","un mes","1 noun time",""
"a year","un año","1 noun time",""
"one time","una vez","1 noun time",""
"people","la gente","1 noun people",""
"a person","una persona","1 noun people",""
"a man","un hombre","1 noun people",""
"a woman","una mujer","1 noun people",""
"a boy /2","un chico","1 noun people",""
"a boy /3","un muchacho","1 noun people",""
"a girl","una chica","1 noun people",""
"a m:friend","un amigo","1 noun people",""
"a f:friend","una amiga","1 noun people",""
"children","los niños","1 noun people",""
"a f:child","una niña","1 noun people",""
"a m:child","un niño","1 noun people",""
"a fool @arg","un boludo","1 noun people slang",""
"boyfriend /2","el novio","1 noun love",""
"girlfriend /2","la novia","1 noun love",""
"boyfriend /5","el enamorado","1 noun love",""
"girlfriend /5","la enamorada","1 noun love",""
"food","la comida","1 noun food",""
"drinks","las bebidas","1 noun food",""
"a bag","una bolsa","1 noun food",""
"breakfast","el desayuno","1 noun food",""
"lunch","el almuerzo","1 noun food",""
"dinner","la cena","1 noun food",""
"milk","la leche","1 noun food",""
"cheese","el queso","1 noun food",""
"yoghurt","el yogur","1 noun food",""
"icecream","el helado","1 noun food",""
"bread","el pan","1 noun food",""
"rice","el arroz","1 noun food",""
"fruit","la fruta","1 noun food",""
"vegetables","los vegetales","1 noun food",""
"green vegetables","las verduras","1 noun food",""
"sugar","el/la azúcar","1 noun food",""
"meat","la carne","1 noun food",""
"an apple","una manzana","1 noun food",""
"an orange","una naranja","1 noun food",""
"a mandarin","una mandarina","1 noun food",""
"a banana","un plátano","1 noun food",""
"a potato","una papa","1 noun food",""
"chicken","el pollo","1 noun food",""
"fried chicken","el pollo frito","1 noun food",""
"beef","la carne","1 noun food",""
"fish","el pescado","1 noun food",""
"a prawn","un langostino","1 noun food",""
"chocolate","el chocolate","1 noun food",""
"a tea","un té","1 noun drinks",""
"a coffee","un café","1 noun drinks",""
"water","el f:agua","1 noun drinks",""
"a beer","una cerveza","1 noun drinks",""
"a soft drink","una gaseosa","1 noun drinks",""
"a juice","un jugo","1 noun drinks",""
"an orange juice","un jugo de naranja","1 noun drinks",""
"alcohol","el alcohol","1 noun drinks",""
"an alcoholic drink","un trago","1 noun drinks",""
"wine","el vino","1 noun drinks",""
"red wine","el vino tinto","1 noun drinks",""
"clothes","la ropa","1 noun clothes",""
"a tshirt /2","un polo","1 noun clothes",""
"a jumper","un jumper","1 noun clothes",""
"a dress","un vestido","1 noun clothes",""
"shorts","el short","1 noun clothes",""
"jeans","el jean","1 noun clothes",""
"shoes","los zapatos","1 noun clothes",""
"socks","las medias","1 noun clothes",""
"underpants","la ropa interior","1 noun clothes",""
"house","la casa","1 noun house",""
"the bathroom","el baño","1 noun house",""
"bedroom","el cuarto","1 noun house",""
"kitchen","la cocina","1 noun house",""
"a fork","un tenedor","1 noun house",""
"a knife","un cuchillo","1 noun house",""
"a spoon","una cuchara","1 noun house",""
"a plate","un plato","1 noun house",""
"a cat","un gato","1 noun animals",""
"a dog","un perro","1 noun animals",""
"life","la vida","1 noun nature",""
"the world","el mundo","1 noun nature",""
"the sea","el mar","1 noun nature",""
"beach","la playa","1 noun nature",""
"river","el río","1 noun nature",""
"lake","el lago","1 noun nature",""
"rain","la lluvia","1 noun nature",""
"heat","el calor","1 noun nature",""
"countryside","el campo","1 noun nature",""
"a tree","un árbol","1 noun nature",""
"work","el trabajo","1 noun business",""
"the date","la fecha","1 noun date",""
"a person from BA @arg","un porteño","1 noun demonym slang",""
"a film","una película","1 noun entertainment",""
"the cinema","el cine","1 noun entertainment",""
"danger","el peligro","1 noun intangible",""
"the street","la calle","1 noun navigation",""
"an avenue","una avenida","1 noun navigation",""
"a block","una cuadra","1 noun navigation",""
"the corner","la esquina","1 noun navigation",""
"a place","un lugar","1 noun navigation",""
"the exit","la salida","1 noun navigation",""
"the city","la ciudad","1 noun place",""
"a village","un pueblo","1 noun place",""
"a building ","un edificio","1 noun place",""
"the bus stop","el paradero","1 noun place",""
"the park","el parque","1 noun place",""
"a restaurant","un restaurante","1 noun place",""
"a shop","una tienda","1 noun place",""
"the market","el mercado","1 noun place",""
"the center","el centro","1 noun place",""
"a book","un libro","1 noun study",""
"a cell phone","un celular","1 noun technology",""
"a message","un mensaje","1 noun technology",""
"an sms","un mensaje de texto","1 noun technology",""
"a thing","una cosa","1 noun",""
"a name","un nombre","1 noun",""
"a little bit","un poquito","1 noun",""
"help","la ayuda","1 noun",""
"Spanish","el español","1 name language",""
"English","el inglés","1 name language",""
"monday","el lunes","1 name date",""
"tuesday","el martes","1 name date",""
"wednesday","el miércoles","1 name date",""
"thursday","el jueves","1 name date",""
"friday","el viernes","1 name date",""
"saturday","el sábado","1 name date",""
"sunday","el domingo","1 name date",""
"january","el enero","1 name date",""
"february","el febrero","1 name date",""
"march","el marzo","1 name date",""
"april","el abril","1 name date",""
"may","el mayo","1 name date",""
"june","el junio","1 name date",""
"july","el julio","1 name date",""
"august","el agosto","1 name date",""
"september","el septiembre","1 name date",""
"october","el octubre","1 name date",""
"november","el noviembre","1 name date",""
"december","el diciembre","1 name date",""
"hey! @arg","che","2 interjection slang",""
"cool! @arg","copado","2 interjection slang",""
"bugger @peru","pucha","2 interjection slang",""
"how cool @peru","que chevere","2 interjection slang",""
"shit","mierda","2 interjection slang",""
"pardon? @ecuador","¿manda?","2 interjection",""
"yup @peru","haber","2 interjection",""
"see you later","hasta luego","2 interjection",""
"see you again","nos vemos","2 interjection",""
"good luck","suerte","2 interjection",""
"take care","cuídate","2 interjection",""
"bon apetite","buen provecho","2 interjection",""
"cheers","salud","2 interjection",""
"look out!","mira!","2 interjection",""
"oh","uy","2 interjection",""
"oh my god","oh dios mío","2 interjection",""
"one moment","un momento","2 interjection",""
"hurry up","apúrate","2 interjection",""
"shut up!","cállate","2 interjection",""
"bless you","salud","2 interjection",""
"really?","¿en serio?","2 interjection",""
"be careful!","cuidado","2 interjection",""
"listen!","oye","2 interjection",""
"well ..","pues","2 interjection",""
"how strange","que raro","2 interjection",""
"okay then","dale","2 interjection",""
"I just arrived from Australia","acabo de llegar de Australia","2 phrase conversation",""
"how did you meet?","¿cómo se conocieron?","2 phrase conversation",""
"are you sure?","¿estás seguro?","2 phrase conversation",""
"what have you done since we last saw each other?","¿que has hecho después de que nos vimos?","2 phrase conversation",""
"what did you say to her?","¿qué le dijiste?","2 phrase conversation",""
"have you ever been to Japan?","¿alguna vez fuiste a Japón?","2 phrase conversation",""
"I have to go","me tengo que ir","2 phrase conversation",""
"you're mean","eres mala","2 phrase conversation",""
"it's a joke!","es una broma","2 phrase conversation",""
"pay no attention to her","no le prestas atención a ella","2 phrase conversation",""
"I`m surprised","estoy sorprendido","2 phrase conversation",""
"I have a friend in Lima","tengo un amigo en Lima","2 phrase conversation",""
"I study by myself","estudio por mi cuenta","2 phrase conversation",""
"you look familiar","me pareces conocido","2 phrase conversation",""
"I love you","te quiero","2 phrase love",""
"I am in love","estoy enamorado","2 phrase love",""
"I miss you","te extraño","2 phrase love",""
"kiss me","bésame","2 phrase love",""
"sweet dreams","lindos sueños","2 phrase love",""
"what day is it?","¿qué día es?","2 phrase date",""
"what is the date?","¿cuál es la fecha?","2 phrase date",""
"get it? @peru","¿manyas?","2 phrase slang",""
"can you imagine? @peru","¿alucina?","2 phrase slang",""
"we`re going out","salimos","2 phrase",""
"something to do","algo que hacer","2 phrase",""
"something to talk about","algo de que hablar","2 phrase",""
"don't worry","no te preocupes","2 phrase",""
"I did nothing @arg","me rasque","2 idiom slang",""
"you're a hot dog @arg","sos un pancho","2 idiom slang",""
"you're a salami @arg","sos salami","2 idiom slang",""
"I agree","estoy de acuerdo","2 idiom",""
"of course x2","por supuesto","2 idiom",""
"no dramas","no pasa nada","2 idiom",""
"it depends","depende","2 idiom",""
"that's okay","está bien","2 idiom",""
"how funny","que risa","2 idiom",""
"how embarrassing","que vergüenza","2 idiom",""
"what a shame","que lástima","2 idiom",""
"whatever you want","como quieras","2 idiom",""
"not yet","todavía no","2 idiom",""
"you`re right","tienes razón","2 idiom",""
"I remember","me acuerdo","2 idiom",""
"let me see","dejas me ver","2 idiom",""
"let it grow","dejalo crecer","2 idiom",""
"I'm on the way","estoy en camino","2 idiom",""
"they don't get along","no se llevan bien","2 idiom",""
"happy Christmas","feliz navidad","2 idiom",""
"first","primero","2 number ordinal",""
"second","segundo","2 number ordinal",""
"third","tercero","2 number ordinal",""
"fourth","cuarto","2 number ordinal",""
"fifth","quinto","2 number ordinal",""
"sixth","sexto","2 number ordinal",""
"seventh","séptimo","2 number ordinal",""
"eighth","octavo","2 number ordinal",""
"ninth","noveno","2 number ordinal",""
"tenth","décimo","2 number ordinal",""
"half /2","la mitad","2 number",""
"half /3","la media","2 number",""
"a quarter","un cuarto","2 number",""
"anything","cualquier cosa","2 pronoun indefinite",""
"no-one /2","nadie","2 pronoun indefinite",""
"no-one /3","ninguno","2 pronoun indefinite",""
"someone /3","alguno","2 pronoun indefinite",""
"someone /2","alguien","2 pronoun indefinite",""
"someone else x2","alguien mas","2 pronoun indefinite",""
"someone else x1","algotro","2 pronoun indefinite",""
"anyone","cualquier persona","2 pronoun indefinite",""
"everyone x1","todos","2 pronoun indefinite",""
"everyone x2","cada uno","2 pronoun indefinite",""
"everyone x3","todo el mundo","2 pronoun indefinite",""
"nowhere","en ningún lugar","2 pronoun indefinite",""
"anywhere","cualquier lugar","2 pronoun indefinite",""
"somewhere","en algún lugar","2 pronoun indefinite",""
"everywhere","en todo lugar","2 pronoun indefinite",""
"both","ambos","2 pronoun indefinite",""
"later","luego","2 adverb temporal",""
"soon","pronto","2 adverb temporal",""
"often","a menudo","2 adverb temporal",""
"sometimes","a veces","2 adverb temporal",""
"occasionally","de vez en cuando","2 adverb temporal",""
"hardly","apenas","2 adverb temporal",""
"immediately /7","inmediatamente","2 adverb temporal",""
"lately","hace poco","2 adverb temporal",""
"recently","recientemente","2 adverb temporal",""
"again","de nuevo","2 adverb temporal",""
"for a long time","hace mucho tiempo","2 adverb temporal",""
"last night","anoche","2 adverb temporal",""
"forever","para siempre","2 adverb temporal",""
"firstly","primero","2 adverb",""
"together","juntos","2 adverb",""
"even","aun","2 adverb",""
"such","tal","2 adverb",""
"nearly","casi","2 adverb",""
"nearby","cerca","2 adverb",""
"really","realmente","2 adverb",""
"honestly","honestamente","2 adverb",""
"normally","normalmente","2 adverb",""
"unfortunately","desafortunadamente","2 adverb",""
"simply","simplemente","2 adverb",""
"hopefully","ojalá","2 adverb",""
"several boys","varios chicos","2 determiner",""
"several girls","varias chicas","2 determiner",""
"every boy","cada chico","2 determiner",""
"every girl","cada chica","2 determiner",""
"many boys","muchos chicos","2 determiner",""
"many girls","muchas chicas","2 determiner",""
"other boy","otro chico","2 determiner",""
"other girl","otra chica","2 determiner",""
"any","cualquier","2 determiner",""
"for that reason","por eso","2 conjunction",""
"for example","por ejemplo","2 conjunction",""
"if not","sino","2 conjunction",""
"except for","salvo","2 conjunction",""
"except","excepto","2 conjunction",""
"although","aunque","2 conjunction",""
"according to","según","2 conjunction",""
"while","mientras","2 conjunction",""
"however","sin embargo","2 conjunction",""
"minus","menos","2 preposition",""
"to the :m","al","2 preposition",""
"of the :m","del","2 preposition",""
"concerning","a propósito","2 preposition",""
"outside ","fuera","2 preposition",""
"inside","adentro","2 preposition",""
"ahead","adelante","2 preposition",""
"under","bajo","2 preposition",""
"from behind","detrás","2 preposition",""
"above","encima","2 preposition",""
"towards","hacia","2 preposition",""
"by","por","2 preposition",""
"during","durante","2 preposition",""
"around","acerca","2 preposition",""
"including","incluso","2 preposition",""
"within","dentro","2 preposition",""
"to seem","parecer ""","2 verb passive",""
"to look like","parecerse ""","2 verb passive",""
"to just finish","acabar","2 verb passive",""
"to desire","desear","2 verb passive",""
"to understand /p","comprender","2 verb passive",""
"to prefer","preferir /^","2 verb passive",""
"to miss","extrañar","2 verb passive",""
"to care","cuidar","2 verb passive",""
"to sleep","dormir /","2 verb passive",""
"to fulfill","cumplir","2 verb passive",""
"to keep","guardar","2 verb passive",""
"to wear","vestir ^","2 verb passive",""
"to decide","decidir","2 verb passive",""
"to weigh","pesar","2 verb passive",""
"to enjoy","disfrutar","2 verb passive",""
"to choose","escoger ""=","2 verb passive",""
"to pick","coger ""=","2 verb passive",""
"to keep quiet","callar","2 verb passive",""
"to be angry","enojar","2 verb passive",""
"to get bored","aburrirse","2 verb passive",""
"to dream","soñar /","2 verb passive",""
"to fear","temer","2 verb passive",""
"to cost /l","valer","2 verb passive",""
"to cost /t","costar","2 verb passive",""
"to last","durar","2 verb passive",""
"to hate","odiar","2 verb passive",""
"to function","funcionar","2 verb passive",""
"to doubt","dudar","2 verb passive",""
"to carry","llevar","2 verb motive",""
"to send off","despedir ^","2 verb motive",""
"to sit","sentarse /","2 verb motive",""
"to commence","comenzar /","2 verb motive",""
"to finish","terminar","2 verb motive",""
"to visit","visitar","2 verb motive",""
"to go by","andar <","2 verb motive",""
"to deliver","entregar ""","2 verb motive",""
"to throw","echar","2 verb motive",""
"to pull /r","tirar","2 verb motive",""
"to fall","caer ""g","2 verb motive",""
"to cross","cruzar ""","2 verb motive",""
"to drive","manejar","2 verb motive",""
"to pull /l","jalar","2 verb motive",""
"to push","empujar","2 verb motive",""
"to locate","ubicar ""","2 verb motive",""
"to hide","esconder","2 verb motive",""
"to run","correr","2 verb motive",""
"to walk","caminar","2 verb motive",""
"to get","lograr","2 verb motive",""
"to reach","lograr","2 verb motive",""
"to share","compartir","2 verb communicative",""
"to reject","rechazar ""","2 verb communicative",""
"to hear","oír g""","2 verb communicative",""
"to teach","enseñar","2 verb communicative",""
"to lie","mentir /^","2 verb communicative",""
"to cry","llorar","2 verb communicative",""
"to laugh","reír ^","2 verb communicative",""
"to explain","explicar","2 verb communicative",""
"to count","contar /","2 verb communicative",""
"to tell","contar /","2 verb communicative",""
"to chat","charlar","2 verb communicative",""
"to answer","contestar","2 verb communicative",""
"to show","mostrar /","2 verb communicative",""
"to guess","adivinar","2 verb communicative",""
"to advise","avisar","2 verb communicative",""
"to scare","asustar","2 verb communicative",""
"to make mistakes","equivocarse ""","2 verb communicative",""
"to excuse","disculpar","2 verb communicative",""
"to invite","invitar","2 verb communicative",""
"to present","presentar","2 verb communicative",""
"to correct","corregir ^=","2 verb communicative",""
"to introduce a person","presentar","2 verb communicative",""
"to pack","empacar","2 verb active travel",""
"to wake up","despertarse /","2 verb active",""
"to touch","tocar ""","2 verb active love",""
"to kiss","besar","2 verb active love",""
"to open","abrir","2 verb active",""
"to close","cerrar","2 verb active",""
"to play","jugar /","2 verb active",""
"to have fun","divertirse /^","2 verb active",""
"to spend","gastar","2 verb active",""
"to collect","cobrar","2 verb active",""
"to save (money)","ahorrar","2 verb active",""
"to create","crear","2 verb active",""
"to improve","mejorar","2 verb active",""
"to lend","prestar","2 verb active",""
"to add","agregar","2 verb active",""
"to surprise","sorprender","2 verb active",""
"to copy","copiar","2 verb active",""
"to program","programar","2 verb active",""
"to avoid","evitar","2 verb active",""
"to arrange","arreglar","2 verb active",""
"to break","romper","2 verb active",""
"to dedicate yourself","dedicarse ""","2 verb active",""
"to try (food)","probarse /","2 verb active",""
"to attempt","intentar","2 verb active",""
"to clean","limpiar","2 verb active",""
"to discover","descubrir","2 verb active",""
"to fight","pelear","2 verb active",""
"to annoy","molestar","2 verb active",""
"to fill","llenar","2 verb active",""
"to smell","oler ""/","2 verb active",""
"to tie","ligar ""","2 verb active",""
"to defend","defender","2 verb active",""
"to attack","atacar","2 verb active",""
"to bury","enterrar /","2 verb active",""
"to update","actualizar ""","2 verb active",""
"to put on make up","maquillar","2 verb active",""
"to throw away","botar","2 verb active",""
"to warm up","calentar /","2 verb active",""
"to swim","nadar","2 verb active",""
"to sing","cantar","2 verb active",""
"to dance","bailar","2 verb active",""
"to act","actuar","2 verb active",""
"to ski","esquiar ""","2 verb active",""
"to skate","patinar","2 verb active",""
"to draw","dibujar","2 verb active",""
"to die","morir /","2 verb active",""
"to be born","nacer ""","2 verb active",""
"to dry","secar","2 verb active",""
"to print","imprimir","2 verb active",""
"to save","salvar","2 verb active",""
"to burn","quemar","2 verb active",""
"to lie down","echarse","2 verb active",""
"to marry someone","casarse con alguien","2 combo love",""
"to be embarrassed","dar vergüenza","2 combo",""
"to take a photo @arg","sacar una foto","2 combo",""
"to notice","darse cuenta","2 combo",""
"to send a message","mandar un mensaje","2 combo",""
"to move house","mudar de casa","2 combo",""
"to meet people","conocer gente","2 combo",""
"to cycle","andar en bicicleta","2 combo",""
"to be lively","ser vivo","2 combo",""
"to be alive","estar vivo","2 combo",""
"to brush your teeth","cepillar tus dientes","2 combo",""
"to take a photo","tomar una foto","2 combo",""
"to ride a horse","montar un caballo","2 combo",""
"to look again","volver a buscar","2 combo",""
"to be used to","tener la costumbre","2 combo",""
"to be lucky","tener suerte","2 combo",""
"to play guitar","tocar guitarra","2 combo",""
"to carry someone","cargar alguien","2 combo",""
"I fall","caigo g","2 conjugation",""
"I lie","miento /","2 conjugation",""
"I try","me pruebo /","2 conjugation",""
"I bite","muerdo /","2 conjugation",""
"I smell","huelo /""","2 conjugation",""
"I bury","entierro /","2 conjugation",""
"I warm up","caliento /","2 conjugation",""
"I commence","comienzo /","2 conjugation",""
"do!","haz *","2 conjugation",""
"go!","ve *","2 conjugation",""
"go out!","sal *","2 conjugation",""
"I x/had <","hube <","2 conjugation",""
"I came <","vine <","2 conjugation",""
"I put <","puse <","2 conjugation",""
"I went by <","anduve <","2 conjugation",""
"I gave","di <","2 conjugation",""
"I was ~","era ~","2 conjugation",""
"I went ~","iba ~","2 conjugation",""
"I saw ~","veía ~","2 conjugation",""
"I would have","tendría >","2 conjugation",""
"I would x/have","habría >","2 conjugation",""
"I would want","querría >","2 conjugation",""
"I could >","podría >","2 conjugation",""
"I would know","sabría >","2 conjugation",""
"I would go out","saldría >","2 conjugation",""
"I would come","vendría >","2 conjugation",""
"I would put","pondría >","2 conjugation",""
"I would say","diría >","2 conjugation",""
"I would do","haría >","2 conjugation",""
"I seem","parezco ""","2 conjugation",""
"I choose","escojo ""","2 conjugation",""
"I pick","cojo ""","2 conjugation",""
"feeling","sintiendo ^","2 conjugation",""
"prefering","prefiriendo ^","2 conjugation",""
"I wear","visto ^","2 conjugation",""
"coming","viniendo ^","2 conjugation",""
"I follow","sigo ^","2 conjugation",""
"I send off","despido ^","2 conjugation",""
"I request","pido ^","2 conjugation",""
"lying","mintiendo ^","2 conjugation",""
"I repeat","repito ^","2 conjugation",""
"correcting","corrigiendo ^","2 conjugation",""
"I had eaten","había comido","2 conjugation",""
"you had eaten","habías comido","2 conjugation",""
"he had eaten","había comido","2 conjugation",""
"we had eaten","habíamos comido","2 conjugation",""
"youz had eaten","habían comido","2 conjugation",""
"they had eaten","habían comido","2 conjugation",""
"done","hecho","2 conjugation",""
"said","dicho","2 conjugation",""
"go sir!","vaya","2 conjugation",""
"a m:friend of mine","un amigo mío","2 syntax",""
"a f:friend of mine","una amiga mía","2 syntax",""
"some m:friends of mine","unos amigos míos","2 syntax",""
"some f:friends of mine","unas amigas mías","2 syntax",""
"a m:friend of yours","un amigo tuyo","2 syntax",""
"a f:friend of yours","una amiga tuya","2 syntax",""
"some m:friends of yours","unos amigos tuyos","2 syntax",""
"some f:friends of yours","unas amigas tuyas","2 syntax",""
"a m:friend of yoursz","un amigo suyo","2 syntax",""
"a f:friend of yoursz","una amiga suya","2 syntax",""
"some m:friends of yoursz","unos amigos suyos","2 syntax",""
"some f:friends of yoursz","unas amigas suyas","2 syntax",""
"a m:friend of his","un amigo suyo","2 syntax",""
"a f:friend of his","una amiga suya","2 syntax",""
"some m:friends of his","unos amigos suyos","2 syntax",""
"some f:friends of his","unas amigas suyas","2 syntax",""
"a m:friend of theirs","un amigo suyo","2 syntax",""
"a f:friend of theirs","una amiga suya","2 syntax",""
"some m:friends of theirs","unos amigos suyos","2 syntax",""
"some f:friends of theirs","unas amigas suyas","2 syntax",""
"a m:friend of ours","un amigo nuestro","2 syntax",""
"a f:friend of ours","una amiga nuestra","2 syntax",""
"some m:friends of ours","unos amigos nuestros","2 syntax",""
"some f:friends of ours","unas amigas nuestras","2 syntax",""
"the cold water","el agua fría","2 syntax",""
"a cold water","un agua fría","2 syntax",""
"the first book","el primer libro","2 syntax",""
"the third year","el tercer año","2 syntax",""
"father and son","padre e hijo","2 syntax",""
"subject or object","sujeto u objeto","2 syntax",""
"I pull / he pulled","jalo / jaló","2 syntax",""
"to lie / a lie / a liar","mentir / una mentira / un mentiroso","2 syntax",""
"holiday / holidays","vacación / vacaciones","2 syntax",""
"fast / very fast","rapido / rapidísimo","2 syntax",""
"when? / when..","cuándo / cuando","2 syntax",""
"what? / what..","qué / que","2 syntax",""
"where? / where..","dónde / donde","2 syntax",""
"Madrid is bigger than Oxford","Madrid es más grande que Oxford","2 pattern",""
"I could eat","podría comer","2 pattern",""
"I will eat","comeré","2 pattern",""
"I used to eat","comía","2 pattern",""
"I eat more than you","como más que tú","2 pattern",""
"I eat faster than you","como más rápido que tú","2 pattern",""
"Let's eat","comemos","2 pattern",""
"Eat!","come!","2 pattern",""
"I am eating","estoy comiendo","2 pattern",""
"I am still eating","estoy comiendo todavía ","2 pattern",""
"Don't eat!","no comas!","2 pattern",""
"I just ate","acabo de comer","2 pattern",""
"I was eating","estaba comiendo","2 pattern",""
"I ate","comí","2 pattern",""
"I have eaten","he comido","2 pattern",""
"I had eaten","había comido","2 pattern",""
"I liked <","me gusto","2 pattern",""
"I liked ~","me gustaba","2 pattern",""
"he likes it","a él le gusta","2 pattern",""
"he will like it","a él le gustara","2 pattern",""
"Australians like vegemite","a los australianos les gusta vegemite","2 pattern",""
"I am bored","estoy aburrido","2 pattern",""
"I am boring","soy aburrido","2 pattern",""
"he washes himself","él se ducha","2 pattern",""
"he washes her","él la ducha","2 pattern",""
"I get along well with my siblings","me llevo bien con hermanos","2 pattern",""
"you look like your brother","te pareces a tu hermano","2 pattern",""
"I look like my brother","me parezco a mi hermano","2 pattern",""
"she looks like your sister","ella se parece a tu hermana","2 pattern",""
"Australia is like America","Australia se parece a estados unidos","2 pattern",""
"he is very similar","él se parece mucho","2 pattern",""
"they are very similar","ellos se parecen mucho","2 pattern",""
"I wish to go","tengo ganas de ir","2 pattern",""
"I ask myself","me pregunto","2 pattern",""
"He ate her","se la comió","2 pattern",""
"was going to go","iba a ir","2 pattern",""
"strong","fuerte","2 adjective quality",""
"soft","suave","2 adjective quality",""
"special","especial","2 adjective quality",""
"brilliant","brillante","2 adjective quality",""
"favourite","favorito","2 adjective quality",""
"fair","justo","2 adjective quality",""
"boring","aburrido","2 adjective quality",""
"relaxing","relajante","2 adjective quality",""
"incredible","increíble","2 adjective quality",""
"real","real","2 adjective quality",""
"young","joven","2 adjective condition",""
"old","viejo","2 adjective condition",""
"little","chico","2 adjective condition",""
"broken","malogrado","2 adjective condition",""
"spicy","picante","2 adjective condition",""
"scary","miedoso","2 adjective condition",""
"raw","crudo","2 adjective condition",""
"ridiculous","ridículo","2 adjective condition",""
"rare","raro","2 adjective condition",""
"free","gratis","2 adjective state trade",""
"dry","seco","2 adjective state",""
"wet","mujado","2 adjective state",""
"pregnant","embarazada","2 adjective state love",""
"single","soltero","2 adjective state love",""
"dark","oscuro","2 adjective state",""
"full","lleno","2 adjective state",""
"distant","lejano","2 adjective state",""
"poor","pobre","2 adjective state",""
"ready","listo","2 adjective state",""
"drunk /2","en pedo","2 adjective state",""
"drunk /3","borracho","2 adjective state",""
"ill","enfermo","2 adjective state",""
"certain","cierto","2 adjective state",""
"complicated","complicado","2 adjective state",""
"prohibited","prohibido","2 adjective state",""
"possible","posible","2 adjective state",""
"impossible","imposible","2 adjective state",""
"final","final","2 adjective state",""
"available","libre","2 adjective state",""
"normal","normal","2 adjective state",""
"busy","ocupado","2 adjective state",""
"distracted","distraído","2 adjective state",""
"separated","separado","2 adjective state",""
"comfortable","cómodo","2 adjective emotion",""
"uncomfortable","incomodo","2 adjective emotion",""
"jealous","celoso","2 adjective emotion love",""
"healthy","saludable","2 adjective emotion",""
"tired","cansado","2 adjective emotion",""
"surprised","sorprendido","2 adjective emotion",""
"scared","miedo","2 adjective emotion",""
"excited","emocionado","2 adjective emotion",""
"relaxed","relajado","2 adjective emotion",""
"worried","preocupado","2 adjective emotion",""
"worried for you","preocupado por ti","2 adjective emotion",""
"disappointed","decepcionado","2 adjective emotion",""
"disappointing","decepcionante","2 adjective emotion",""
"envious","envidioso","2 adjective emotion",""
"sad","triste","2 adjective emotion",""
"embarrassing","vergonzoso","2 adjective emotion",""
"gentle","gentil","2 adjective personality",""
"sweet","dulce","2 adjective personality",""
"passionate","apasionado","2 adjective personality",""
"lazy @arg","bago","2 adjective personality",""
"slack","flojo","2 adjective personality slang",""
"stupid /2","tonto","2 adjective personality",""
"stupid /3","estúpido","2 adjective personality",""
"nice","simpático","2 adjective personality",""
"pleasant","agradable","2 adjective personality",""
"friendly","amistoso","2 adjective personality",""
"funny /4","divertido","2 adjective personality",""
"funny /3","chistoso","2 adjective personality",""
"fun","gracioso","2 adjective personality",""
"energetic","energético","2 adjective personality",""
"strict","estricto","2 adjective personality",""
"sociable","sociable","2 adjective personality",""
"creative","creativo","2 adjective personality",""
"authentic","auténtico","2 adjective personality",""
"fussy","exigente","2 adjective personality",""
"lazy /4","perezoso","2 adjective personality",""
"annoying","molesto","2 adjective personality",""
"rude","rudo","2 adjective personality",""
"playful","juguetón","2 adjective personality",""
"mischievous","travieso","2 adjective personality",""
"unfriendly","antipático","2 adjective personality",""
"grey","gris","2 adjective colour",""
"pink","rosado","2 adjective colour",""
"brown","marrón","2 adjective colour",""
"cute","lindo","2 adjective appearance",""
"pretty","bonito","2 adjective appearance",""
"beautiful /3","hermoso","2 adjective appearance",""
"beautiful /2","bello","2 adjective appearance",""
"handsome /p","guapo","2 adjective appearance",""
"handsome /r","churro","2 adjective appearance",""
"ugly","feo","2 adjective appearance",""
"fat","gordo","2 adjective appearance",""
"thin","delgado","2 adjective appearance",""
"short","corto","2 adjective appearance",""
"bald","calvo","2 adjective appearance",""
"blond","rubio","2 adjective appearance",""
"past","pasado","2 adjective temporal",""
"next","próximo","2 adjective temporal",""
"previous","última","2 adjective temporal",""
"recent","recién","2 adjective temporal",""
"following","siguiente","2 adjective temporal",""
"obvious","obvio","2 adjective",""
"own","propio","2 adjective",""
"negative","negativo","2 adjective",""
"minor","menor","2 adjective",""
"major","mayor","2 adjective",""
"an error","un error","2 noun language",""
"numbers","los números","2 noun language",""
"the dictionary","el diccionario","2 noun language",""
"the subway @arg","el subte","2 noun travel",""
"a bicycle","una bicicleta","2 noun travel",""
"a boat","un barco","2 noun travel",""
"a trip","un viaje","2 noun travel",""
"the holidays","las vacaciones","2 noun travel",""
"a suitcase","una maleta","2 noun travel",""
"a vacancy","una vacía","2 noun travel",""
"a motorbike","una moto","2 noun travel",""
"the path","el camino","2 noun travel",""
"a lock","una cerradura","2 noun travel",""
"a payment","una cuota","2 noun trade",""
"commission","una comisión","2 noun trade",""
"cash","el efectivo","2 noun trade",""
"the cost","la cuesta","2 noun trade",""
"a purse","un monedero","2 noun trade",""
"size","el tamaño","2 noun trade",""
"an offer","una oferta","2 noun trade",""
"the weekend","el fin de semana","2 noun time",""
"the day before yesterday ","el antes de ayer","2 noun time",""
"before","antes","2 noun time",""
"after","después","2 noun time",""
"last week","la semana pasada","2 noun time",""
"next week","le semana que viene","2 noun time",""
"the morning","la mañana","2 noun time",""
"the night","la noche","2 noun time",""
"midday","el mediodía","2 noun time",""
"midnight","la medianoche","2 noun time",""
"two times","dos veces","2 noun time",""
"a moment","un momento","2 noun time",""
"a jiffy","un momentito","2 noun time",""
"a clock","un reloj","2 noun time",""
"a prick","un carajo","2 noun people slang",""
"a group","un grupo","2 noun people",""
"the landlord","el dueño","2 noun people",""
"the majority","la mayoría","2 noun people",""
"the population","la población","2 noun people",""
"the neighbour","el vecino","2 noun people",""
"foreigners","los extranjeros","2 noun people",""
"a liar","un mentiroso","2 noun people",""
"a gentleman","un caballero","2 noun people",""
"an idiot","un/una idiota","2 noun people",""
"a bebé","un bebé","2 noun people",""
"a bitch","una puta","2 noun people slang",""
"an ugly woman","una fea","2 noun love slang",""
"arse","la cola","2 noun love slang",""
"boobs","los senos","2 noun love slang",""
"tits","las tetas","2 noun love slang",""
"cock","la pinga","2 noun love slang",""
"a girlfriend @chile","una polola","2 noun love slang",""
"a couple","una pareja","2 noun love",""
"dearest","querido","2 noun love",""
"m:darling","cariño","2 noun love",""
"f:darling","cariño","2 noun love",""
"a romantic date","una cita","2 noun love",""
"comfort zone","la zona de confort","2 noun love",""
"sex","el sexo","2 noun love",""
"a condom /5","un preservativo","2 noun love",""
"a secret","un secreto","2 noun love",""
"a birthday","un cumpleaños ","2 noun love",""
"a present","un regalo","2 noun love",""
"a punishment","un castigo","2 noun love",""
"a position","una posición","2 noun love",""
"vagina","la vagina","2 noun love",""
"penis","el pene","2 noun love",""
"jealousy","los celos","2 noun love",""
"bacon","el tocino","2 noun food",""
"famous snacks @arg","alfajor con dulce leche","2 noun food",""
"brain to eat @bolivia","el seso","2 noun food",""
"popcorn @bolivia","la pi-poca","2 noun food",""
"a spicy empanada @bolivia","una salteña","2 noun food",""
"mini cheese roll @bolivia","el cuñape","2 noun food",""
"sweet green fruit @peru","una chirimoya","2 noun food",""
"like chirimoya @peru","una guanábana","2 noun food",""
"fruit like custard @peru","la lúcuma","2 noun food",""
"raw fish @peru","el ceviche","2 noun food",""
"deep fried seafood @peru","el chicharron","2 noun food",""
"fried rice @peru","la chaufa","2 noun food",""
"beans","los frijoles","2 noun food",""
"noodles","los fideos","2 noun food",""
"herbs","las yerbas","2 noun food",""
"frozen goods","los congelados","2 noun food",""
"dessert","los postres","2 noun food",""
"an avocado","una palta","2 noun food",""
"a mango","un mango","2 noun food",""
"a watermelon","una sandía","2 noun food",""
"papaya","la papaya","2 noun food",""
"strawberries","las fresas","2 noun food",""
"a lime","una lima","2 noun food",""
"an onion","una cebolla","2 noun food",""
"lettuce","la lechuga","2 noun food",""
"a tomato","un tomate","2 noun food",""
"a lemon","un limón","2 noun food",""
"corn","el choclo","2 noun food",""
"spinach","la espinaca","2 noun food",""
"olives","las aceitunas","2 noun food",""
"garlic","el ajo","2 noun food",""
"chewing gum","el chicle","2 noun food",""
"a cake /2","una torta","2 noun food",""
"a cake /3","una pastilla","2 noun food",""
"a fried bread stick","un churro","2 noun food",""
"seafood","los mariscos","2 noun food",""
"an omelette","una tortilla","2 noun food",""
"a fillet","un filete","2 noun food",""
"beef with soy sauce @peru","lomo saltado","2 noun food",""
"a steak","un bistec","2 noun food",""
"crumbed beef @peru","la milanesa","2 noun food",""
"ham","el jamón","2 noun food",""
"a salad","una ensalada","2 noun food",""
"oil","el aceite","2 noun food",""
"squid","el calamar","2 noun food",""
"a hamburger","una hamburguesa","2 noun food",""
"pork","la chancha","2 noun food",""
"sweet peach juice @bolivia","mocochinchi","2 noun drinks",""
"heavy maize drink @bolivia","chicha","2 noun drinks",""
"the body","el cuerpo","2 noun body",""
"head","la cabeza","2 noun body",""
"hair /2","el pelo","2 noun body",""
"face","la cara","2 noun body",""
"ears","las orejas","2 noun body",""
"nose","la nariz","2 noun body",""
"cheeks","las mejillas","2 noun body",""
"mouth","la boca","2 noun body",""
"smile","la sonrisa","2 noun body",""
"lips","los labios","2 noun body",""
"tongue","la lengua","2 noun body",""
"tooth","el diente","2 noun body",""
"teeth","los dientes","2 noun body",""
"neck","el cuello","2 noun body",""
"back","la espalda","2 noun body",""
"heart","el corazón","2 noun body",""
"arms","los brazos","2 noun body",""
"hands","las manos","2 noun body",""
"stomach","el estomago","2 noun body",""
"legs","las piernas","2 noun body",""
"knees","las rodillas","2 noun body",""
"feet","los pies","2 noun body",""
"toes","los dedos del pie","2 noun body",""
"tail","la cola","2 noun body",""
"throat","la garganta","2 noun body",""
"chest","el pecho","2 noun body",""
"a sombrero","un sombrero","2 noun clothes",""
"a cap","un gorro","2 noun clothes",""
"a scarf","una bufanda","2 noun clothes",""
"a shirt","una camisa","2 noun clothes",""
"a tshirt /4","una camiseta","2 noun clothes",""
"a mini top","un bolero","2 noun clothes",""
"skirt","la falda","2 noun clothes",""
"sneakers","las zapatillas","2 noun clothes",""
"boots","las botas","2 noun clothes",""
"glasses /4","los anteojos","2 noun clothes",""
"glasses /2","las gafas","2 noun clothes",""
"glasses /t","los lentes","2 noun clothes",""
"sunglasses /f","las gafas de sol","2 noun clothes",""
"sunglasses /t","los lentes de sol","2 noun clothes",""
"a ring","un anillo","2 noun clothes",""
"a handbag","una cartera","2 noun clothes",""
"a cup","una taza","2 noun house",""
"a glass","un vaso","2 noun house",""
"a bowl","el tazón","2 noun house",""
"laundry","la lavandería","2 noun house",""
"floor","el piso","2 noun house",""
"hall","la sala","2 noun house",""
"window","la ventana","2 noun house",""
"stairs","la escalera","2 noun house",""
"a chair","una silla","2 noun house",""
"umbrella","un paraguas","2 noun house",""
"blanket","la manta","2 noun house",""
"sheets","las sábanas","2 noun house",""
"garbage","la basura","2 noun house",""
"fridge","el refrigerador","2 noun house",""
"toilet","el inodoro","2 noun house",""
"basin","el lavador","2 noun house",""
"a towell","una toalla","2 noun house",""
"light","la luz","2 noun house",""
"a table","una mesa","2 noun house",""
"an apartment","un apartemento","2 noun house",""
"the fridge","el refrigerador","2 noun house",""
"desk /3","la carpeta","2 noun house",""
"animals","los animales","2 noun animals",""
"pets","las mascotas","2 noun animals",""
"a dinosaur","un dinosaurio","2 noun animals",""
"a shark","un tiburón","2 noun animals",""
"a dolphin","un delfín","2 noun animals",""
"monkeys","los monos","2 noun animals",""
"a horse","un caballo","2 noun animals",""
"a fish","una pesca","2 noun animals",""
"a kitten","un gatito","2 noun animals",""
"a parrot","un loro","2 noun animals",""
"a sloth","un perezoso","2 noun animals",""
"a pigeon","una paloma","2 noun animals",""
"a bird","un ave","2 noun animals",""
"a kangaroo","un canguro","2 noun animals",""
"a cow","una baca","2 noun animals",""
"a spider","una araña","2 noun animals",""
"a rabbit","un conejo","2 noun animals",""
"the climate","el clima","2 noun nature",""
"desert","el desierto","2 noun nature",""
"the landscape","los paisajes","2 noun nature",""
"a garden","un jardín","2 noun nature",""
"a hill :f","una colina","2 noun nature",""
"a hill :m","un cerro","2 noun nature",""
"a rock","una piedra","2 noun nature",""
"the sky","el cielo","2 noun nature",""
"an island","una isla","2 noun nature",""
"the forest","la selva","2 noun nature",""
"the shadow","la sombra","2 noun nature",""
"a company","una compañía","2 noun business",""
"the office","la oficina","2 noun business",""
"an idea","una idea","2 noun business",""
"the boss","el jefe","2 noun business",""
"the manager","el gerente","2 noun business",""
"an employee","un trabajador","2 noun business",""
"a workmate","un compañero de trabajo","2 noun business",""
"a colleague","un/una colega","2 noun business",""
"a plan","un plan","2 noun business",""
"paper","el papel","2 noun business",""
"cardboard","el cartón","2 noun business",""
"results","resultados","2 noun business",""
"a deal","un trato","2 noun business",""
"a meeting","una reunión","2 noun business",""
"a night club @arg","un boliche","2 noun entertainment",""
"music","la música","2 noun entertainment",""
"programming","la programación","2 noun entertainment",""
"the theatre","el teatro","2 noun entertainment",""
"a cartoon","un dibujo","2 noun entertainment",""
"a television","un televisor","2 noun entertainment",""
"a soapy","una novela","2 noun entertainment",""
"night life","la vida nocturna","2 noun entertainment",""
"the zoo","el zoológico","2 noun entertainment",""
"a band","una banda","2 noun entertainment",""
"a song","una canción","2 noun entertainment",""
"the lyrics","la letra","2 noun entertainment",""
"an instrument","un instrumento","2 noun entertainment",""
"family","la familia","2 noun family",""
"relatives","los parientes","2 noun family",""
"mother","la madre","2 noun family",""
"father","el padre","2 noun family",""
"a sister","una hermana","2 noun family",""
"a brother","un hermano","2 noun family",""
"a daughter","una hija","2 noun family",""
"a son","un hijo","2 noun family",""
"a wife","una esposa","2 noun family",""
"a husband","un esposo","2 noun family",""
"a f:cousin","una prima","2 noun family",""
"a m:cousin","un primo","2 noun family",""
"a nephew","un sobrino","2 noun family",""
"a niece","una sobrina","2 noun family",""
"grandmother","la abuela","2 noun family",""
"grandfather","el abuelo","2 noun family",""
"a granddaughter","una nieta","2 noun family",""
"a grandson","un nieto","2 noun family",""
"an aunt","una tía","2 noun family",""
"an uncle","un tío","2 noun family",""
"dad","el papá","2 noun family",""
"mum","la mamá","2 noun family",""
"brother in law","el cuñado","2 noun family",""
"sister in law","la cuñada","2 noun family",""
"a drug","una droga","2 noun health",""
"a cough","una tos","2 noun health",""
"the flu","la gripe","2 noun health",""
"a cream","una crema","2 noun health",""
"sunscreen","el bloqueador del sol","2 noun health",""
"cigarettes","los cigarros","2 noun health",""
"toothpaste","la pasta dental","2 noun health",""
"hospital","el hospital","2 noun health",""
"pain","el dolor","2 noun health",""
"the mind","la mente","2 noun intangible",""
"respect","el respeto","2 noun intangible",""
"confidence","la confianza","2 noun intangible",""
"quality","la calidad","2 noun intangible",""
"curiosity","la curiosidad","2 noun intangible",""
"patience","la paciencia","2 noun intangible",""
"security","la seguridad","2 noun intangible",""
"power","el poder","2 noun intangible",""
"ability","la habilidad","2 noun intangible",""
"hunger","el f:hambre","2 noun intangible",""
"anger","la cólera","2 noun intangible",""
"laughter","la risa","2 noun intangible",""
"magic","la magia","2 noun intangible",""
"the truth","la verdad","2 noun intangible",""
"the norm","la norma","2 noun intangible",""
"reality","la realidad","2 noun intangible",""
"opportunity","la oportunidad","2 noun intangible",""
"a m:singer","un cantante","2 noun job",""
"a f:singer","una cantante","2 noun job",""
"an actor","un actor","2 noun job",""
"an actress","una actriz","2 noun job",""
"an accountant","un contador","2 noun job",""
"an engineer","un ingeniero","2 noun job",""
"a lawyer","un abogado","2 noun job",""
"a doctor","un médico","2 noun job",""
"a m:teacher","un profesor","2 noun job",""
"a f:teacher","una profesora","2 noun job",""
"a guide","un guía","2 noun job",""
"a cashier","un cajero","2 noun job",""
"the police","la policía","2 noun job",""
"the driver","el conductor","2 noun job",""
"an m:artist","un artista","2 noun job",""
"an f:artist","una artista","2 noun job",""
"a reader","un lector","2 noun job",""
"a bullfighter","un torero","2 noun job",""
"a philosopher","un filósofo","2 noun job",""
"a f:dancer","una bailarina","2 noun job",""
"a m:dancer","un bailarín","2 noun job",""
"a backpacker","un mochilero","2 noun job",""
"an adventurer","un aventurero","2 noun job",""
"a m:surfer","un surfista","2 noun job",""
"a f:surfer","una surfista","2 noun job",""
"a player","un jugador","2 noun job",""
"a f:thief","una ladrona","2 noun job",""
"a m:thief","un ladrón","2 noun job",""
"north","el norte","2 noun navigation",""
"south","el sur","2 noun navigation",""
"east","el este","2 noun navigation",""
"west","el oeste","2 noun navigation",""
"the bottom","el bajo","2 noun navigation",""
"the top","la cima","2 noun navigation",""
"the side","el lado","2 noun navigation",""
"distance","la distancia","2 noun navigation",""
"the front","el frente","2 noun navigation",""
"the suburbs","los barrios","2 noun place",""
"a shopping fair","una feria","2 noun place",""
"the bridge","el puente","2 noun place",""
"a juice shop","una jugería","2 noun place",""
"the post office","el correo","2 noun place",""
"a site","un sitio","2 noun place",""
"sport","el deporte","2 noun sport",""
"soccer","el fútbol","2 noun sport",""
"a game","un partido","2 noun sport",""
"a team","un equipo","2 noun sport",""
"a ball","una pelota","2 noun sport",""
"a wave","una onda","2 noun sport",""
"a surfboard","una tabla de surf","2 noun sport",""
"a student","un estudiante","2 noun study",""
"a scholar","un alumno","2 noun study",""
"school /3","la facultad","2 noun study",""
"an exam","una prueba","2 noun study",""
"a page","una página","2 noun study",""
"a level","un nivel","2 noun study",""
"a class","una clase","2 noun study",""
"computer","la computadora","2 noun technology",""
"the code","el código","2 noun technology",""
"a signal","una señal","2 noun technology",""
"colours","los colores","2 noun",""
"checkout","la caja","2 noun",""
"a bbq","un asado","2 noun",""
"a heap","un montón","2 noun",""
"a nickname x2","un sobre nombre","2 noun",""
"a nickname x1","un apodo","2 noun",""
"a letter","una carta","2 noun",""
"a joke :m","un chiste","2 noun",""
"body language","el lenguaje corporal","2 noun",""
"an opinion","una opinión","2 noun",""
"an interview","una entrevista","2 noun",""
"a request","un pedido","2 noun",""
"a tattoo","un tatuaje","2 noun",""
"a toast","un brindis","2 noun",""
"a trick","un truque","2 noun",""
"vehicles","los vehículos","2 noun",""
"way of life","forma de vivir","2 noun",""
"the remainder","la resta","2 noun",""
"detail","el detalle","2 noun",""
"a mix","una mezcla","2 noun",""
"an action","una acción","2 noun",""
"a situation","una situación","2 noun",""
"a deity","un dios","2 noun",""
"the good stuff","lo bueno","2 noun",""
"the real one","el verdadero","2 noun",""
"the fault","la culpa","2 noun",""
"a theme","una tema","2 noun",""
"bad news","mal noticias","2 noun",""
"the weight","el peso","2 noun",""
"the background","el fondo","2 noun",""
"a visit","una visita","2 noun",""
"a shock","un choc","2 noun",""
"a manner","una manera","2 noun",""
"noise","el ruido","2 noun",""
"a dot","un punto","2 noun",""
"an apology","una disculpa","2 noun",""
"a shame","una lastima","2 noun",""
"a dream","un sueño","2 noun",""
"characteristics","las características","2 noun",""
"a wheel","una rueda","2 noun",""
"the war","la guerra","2 noun",""
"a look","una mirada","2 noun",""
"a response","una respuesta","2 noun",""
"a type","un tipo","2 noun",""
"way","la forma","2 noun",""
"the finish","el fin","2 noun",""
"an accident","el accidente","2 noun",""
"a line","una línea","2 noun",""
"age","la edad","2 noun",""
"a rule","una regla","2 noun",""
"Castilian","Castellano","2 name language",""
"Australia","la Australia","2 name country",""
"Japan","el Japón","2 name country",""
"Korea","la Corea","2 name country",""
"England","la Inglaterra","2 name country",""
"France","la Francia","2 name country",""
"Germany","la Alemania","2 name country",""
"Africa","la África","2 name country",""
"Morocco","los Marruecos","2 name country",""
"Egypt","el Egipto","2 name country",""
"summer","el verano","2 name date",""
"spring","la primavera","2 name date",""
"autumn","el otoño","2 name date",""
"winter","el invierno","2 name date",""
"christmas","la navidad","2 name date",""
"an australian","un australiano","2 name demonym",""
"a peruvian","un peruano","2 name demonym",""
"a bolivian","un boliviano","2 name demonym",""
"an argentinian","un argentino","2 name demonym",""
"a chilean","un chileno","2 name demonym",""
"a brazilian","un brasileño","2 name demonym",""
"a mexican","un mexicano","2 name demonym",""
"an asian","un asiático","2 name demonym",""
"a chinese","un chino","2 name demonym",""
"a korean","un coreano","2 name demonym",""
"a japanese","un japonés","2 name demonym",""
"an englishman","un inglés","2 name demonym",""
"a frenchman","un francés","2 name demonym",""
"a german","un alemán","2 name demonym",""
"a spaniard","un español","2 name demonym",""
"an italian","un italiano","2 name demonym",""
"a russian","un ruso","2 name demonym",""
"a north american","un norte americano","2 name demonym",""
"a US american","un estadounidense","2 name demonym",""
"a canadian","un canadiense","2 name demonym",""
"regards","saludos","3 interjection",""
"not at all","no del todo","3 phrase",""
"just do it","solo hacerlo","3 phrase",""
"it's dark","está oscuro","3 phrase",""
"I feel like i`m 24","me siento de 24 años","3 phrase",""
"I`m having fun","me estoy divirtiendo","3 phrase",""
"he`s a character","es un personaje","3 phrase",""
"along this street","por esta calle","3 phrase",""
"the path to success","el camino del éxito","3 phrase",""
"Its her loss","ella se lo pierde","3 idiom love",""
"for nothing @bolivia","de gana","3 idiom slang",""
"no way","no te creo","3 idiom",""
"just in case","por sea caso","3 idiom",""
"the sun is biting @arg","pica el sol","3 idiom",""
"for heaven's sake","por todos los cielos","3 idiom",""
"join us!","hacete amigo","3 idiom",""
"I can't continue","ya no jalo","3 idiom",""
"whatever happens","pase lo que pasa","3 idiom",""
"immediately /2","así que","3 adverb temporal",""
"apparently","al parecer","3 adverb",""
"splendidly","espléndidamente","3 adverb",""
"forcefully","forzadamente","3 adverb",""
"attentively","atentamente","3 adverb",""
"innocently","inocentement","3 adverb",""
"in fact","de hecho","3 conjunction",""
"besides","además","3 conjunction",""
"similarly","asimismo","3 conjunction",""
"across","a través","3 preposition",""
"in front of","adelante de","3 preposition",""
"to surpass","superar","3 verb passive",""
"to consider","considerar","3 verb passive",""
"to exist","existir","3 verb passive",""
"to become /l","volverse /","3 verb passive",""
"to become /c","hacerse g<>","3 verb passive",""
"to appear","aparecer ""","3 verb passive",""
"to disappear","desaparecer ""","3 verb passive",""
"to like a person","caerse ""=","3 verb passive",""
"to allow","dejarse","3 verb passive",""
"to suffer","sufrir","3 verb passive",""
"to focus","enfocar ""","3 verb passive",""
"to savour","saborear","3 verb passive",""
"to enamor","enamorar","3 verb passive",""
"to envy","envidiar","3 verb passive",""
"to please","agradar","3 verb passive",""
"to suffice","bastar","3 verb passive",""
"to trouble","turbar","3 verb passive",""
"to occur","occurir","3 verb passive",""
"to descend","descender /","3 verb motive",""
"to flee","fugar ""","3 verb motive",""
"to accelerate","acelerar","3 verb motive",""
"to place","meter","3 verb motive",""
"to run away","huir ""","3 verb motive",""
"to move away","alejarse","3 verb motive",""
"to approach","acercarse","3 verb motive",""
"to advance","avanzar","3 verb motive",""
"to wink","guiñar","3 verb communicative",""
"to tease","tomar el pelo","3 verb communicative",""
"to scream","chillar","3 verb communicative",""
"to agree","acordar","3 verb communicative",""
"to permit","permitir","3 verb communicative",""
"to tell","enterrar","3 verb communicative",""
"to propose","proponer g<>","3 verb communicative",""
"to take notes","anotar","3 verb communicative",""
"to terrify","aterrorizar ""","3 verb communicative",""
"to enumerate","enumerar","3 verb communicative",""
"to insinuate","insinuar ""","3 verb communicative",""
"to narate","narrar","3 verb communicative",""
"to mock","burlar","3 verb communicative",""
"to translate","traducir ""","3 verb communicative",""
"to blame","culpar","3 verb communicative",""
"to accede","acceder","3 verb communicative",""
"to vow","jurar","3 verb communicative",""
"to astound","asombrar","3 verb communicative",""
"to dominate","dominar","3 verb active love",""
"to whip","azotar","3 verb active love",""
"to caress","acariciar","3 verb active love",""
"to bite","morder /","3 verb active love",""
"to suck","chupar","3 verb active love",""
"to suck out","succionar","3 verb active love",""
"to masturbate","masturbar","3 verb active love",""
"to lick","lamer","3 verb active love",""
"to rub","rozar ""","3 verb active love",""
"to throb","latir","3 verb active love",""
"to cheat","engañar","3 verb active love",""
"to violate","violar","3 verb active love",""
"to punish","castigar","3 verb active love",""
"to sail","marear","3 verb active sport",""
"to transact","tramitar","3 verb active",""
"to join","juntar","3 verb active",""
"to secure","asegurar","3 verb active",""
"to manage","manejar","3 verb active",""
"to grow up","crecer ""","3 verb active",""
"to signal","señalar","3 verb active",""
"to flood","inundar","3 verb active",""
"to delay","demorar","3 verb active",""
"to enable","facilitar","3 verb active",""
"to unite","unir","3 verb active",""
"to bark","ladrar","3 verb active",""
"to edit","editar","3 verb active",""
"to feed","alimentar","3 verb active",""
"to shave :m","afeitar","3 verb active",""
"to shave :f","depilar","3 verb active",""
"to exploit","aprovechar","3 verb active",""
"to combine","combinar","3 verb active",""
"to obtain /n","obtener /g<>","3 verb active",""
"to obtain /g","conseguir ^""","3 verb active",""
"to stretch","estirar","3 verb active",""
"to repair","reparar","3 verb active",""
"to hesitate","vacilar","3 verb active",""
"to grasp","agarrar","3 verb active",""
"to clap","palmotear","3 verb active",""
"to sweat","sudar","3 verb active",""
"to shed tears","lagrimear","3 verb active",""
"to snow","nevar /","3 verb active",""
"to treat","tratar","3 verb active",""
"to overthrow","derrumbar","3 verb active",""
"to enclose","encerrar","3 verb active",""
"to avenge","vengar ""","3 verb active",""
"to choke","atorar /","3 verb active",""
"to burn","quemar","3 verb active",""
"to load","cargar","3 verb active",""
"to download","descargar","3 verb active",""
"to build","construir ""","3 verb active",""
"to crouch","acurrucar","3 verb active",""
"to skip","brincar","3 verb active",""
"to lean","apoyar","3 verb active",""
"to peel","pelar","3 verb active",""
"to part","apartar","3 verb active",""
"to look around","mirar alrededor","3 combo",""
"I brought <","traje <","3 conjugation",""
"I feel like eating","me provoca comer","3 pattern",""
"the one who earns more","el que más gana dinero","3 pattern",""
"the one who runs more","el que más corre","3 pattern",""
"fine","fino","3 adjective quality",""
"magical","mágico","3 adjective condition",""
"celestial","celeste","3 adjective condition",""
"troublesome","dificultoso","3 adjective condition",""
"scandelous","escandaloso","3 adjective condition",""
"fashionable","de moda","3 adjective condition",""
"exhausting","agotador","3 adjective condition",""
"coherent","coherente","3 adjective condition",""
"well cooked","bien cocido","3 adjective condition",""
"deep /3","profundo","3 adjective state",""
"deep /2","hondo","3 adjective state",""
"missing","perdido","3 adjective state",""
"reserved","reservado","3 adjective state",""
"disoriented","desubicado","3 adjective state",""
"involved","involucrado","3 adjective state",""
"loaded","cargado","3 adjective state",""
"controversial","polémico","3 adjective state",""
"waterproof","impermeable","3 adjective state",""
"unfinished","desconstruido","3 adjective state",""
"dignified","digno","3 adjective state",""
"taken","prestado","3 adjective state",""
"amazed","asombrado","3 adjective emotion",""
"gratifying","halagado","3 adjective emotion",""
"naughty","pícaro","3 adjective personality",""
"confident","confiado","3 adjective personality",""
"reserved personality","callado","3 adjective personality",""
"talkative","hablador","3 adjective personality",""
"active","activo","3 adjective personality",""
"arrogant","soberbio","3 adjective personality",""
"selfish","egoísta","3 adjective personality",""
"bitter sweet","agridulce","3 adjective personality",""
"punctual ","puntual","3 adjective personality",""
"credulous","creído","3 adjective personality",""
"humble","humilde","3 adjective personality",""
"secretive","escondido","3 adjective personality",""
"spoilt","engreido","3 adjective personality",""
"dark skinned","moreno","3 adjective appearance",""
"joint","solitario","3 adjective",""
"a noun","un sustantivo","3 noun language",""
"a pronoun","un pronombre","3 noun language",""
"an adjective","un adjetivo","3 noun language",""
"a verb","un verbo","3 noun language",""
"an adverb","un adverbio","3 noun language",""
"conjugations","las conjugaciones","3 noun language",""
"vowels","las vocales","3 noun language",""
"consonants","las consonantes","3 noun language",""
"the plural","el plural","3 noun language",""
"a sentence","una oración","3 noun language",""
"syllables","las sílabas","3 noun language",""
"slang","la jerga","3 noun language",""
"an acute accent","una tilde","3 noun language",""
"a conjugation","una conjugación","3 noun language",""
"linguistics","la lingüística","3 noun language",""
"a flag","una bandera","3 noun travel",""
"to lower","rebajar","3 noun trade",""
"a period","una época","3 noun time",""
"a citizen","un ciudadano","3 noun people",""
"a jew","un judío","3 noun people",""
"an authority","una autoridad","3 noun people",""
"a complainer","un quejoso","3 noun people",""
"a bad guy","un maleante","3 noun people",""
"a rude person","un malcriado","3 noun people",""
"a rough person","un tosco","3 noun people",""
"a gang","una pandilla","3 noun people",""
"an enemy","un enemigo","3 noun people",""
"a shameless person @peru","un conchudo","3 noun people slang",""
"a cheater @peru","un pendejo","3 noun love slang",""
"a gold digger @peru","una brichera","3 noun love slang",""
"a mistress","una amante","3 noun love slang",""
"pussy","la chucha","3 noun love slang",""
"slut","una cachera","3 noun love slang",""
"honeymoon","la luna de miel","3 noun love",""
"unrequited love","los amores no correspondidos","3 noun love",""
"a g-string","un hilo dental","3 noun love",""
"chastity","la pureza","3 noun love",""
"a cabbage","un repollo","3 noun food",""
"turkey","el pavo","3 noun food",""
"meat pasta soup @bolivia","gueso","3 noun food",""
"bolivian potato stew @bolivia","papalisa","3 noun food",""
"snacks","los aperitivos","3 noun food",""
"barley","la cebada","3 noun food",""
"aromatic tea","las aguas aromáticas","3 noun drinks",""
"hair /3","el cabello","3 noun body",""
"jaw","la mandíbula","3 noun body",""
"shoulders","los hombros","3 noun body",""
"fingers","los dedos","3 noun body",""
"nails","las uñas","3 noun body",""
"waist","la cintura","3 noun body",""
"hips","las caderas","3 noun body",""
"bottom","el trasero","3 noun body",""
"lap","las faldas","3 noun body",""
"skull","el cráneo","3 noun body",""
"brain","el cerebro","3 noun body",""
"eyelid","el párpado","3 noun body",""
"a hairpin","un gancho","3 noun clothes",""
"earrings","los aretes","3 noun clothes",""
"a veil","un velo","3 noun clothes",""
"pockets","los bolsillos","3 noun clothes",""
"sleeves","las mangas","3 noun clothes",""
"jewelry","las joyas","3 noun clothes",""
"oven","el horno","3 noun house",""
"chimney","la chimenea","3 noun house",""
"desk /5","el escritorio","3 noun house",""
"heater","el calentador","3 noun house",""
"picture","el retrato","3 noun house",""
"pillow","la almohada","3 noun house",""
"mattress","el colchón","3 noun house",""
"a bottle top","una chapa","3 noun house",""
"a broom","una escoba","3 noun house",""
"a knob","un pomo","3 noun house",""
"a hair dryer","un secador de pelo","3 noun house",""
"cutlery","los cubiertos","3 noun house",""
"a brick","un ladrillo","3 noun house",""
"an owl","una lechuza","3 noun animals",""
"a puppy","un cachorro","3 noun animals",""
"a whale","una ballena","3 noun animals",""
"a goat","una cabra","3 noun animals",""
"a turkey","un pavo","3 noun animals",""
"a fox","un zorro","3 noun animals",""
"a frog","una rana","3 noun animals",""
"a skunk","un zorrillo","3 noun animals",""
"a raccoon","un mapache","3 noun animals",""
"a mouse","un ratón","3 noun animals",""
"a fawn","un gamo","3 noun animals",""
"an octopus","un pulpo","3 noun animals",""
"a wolf","un lobo","3 noun animals",""
"timber","la madera","3 noun nature",""
"waterfall","la catarata","3 noun nature",""
"a leaf","una hoja","3 noun nature",""
"the mist","la neblina","3 noun nature",""
"the grass","la grama","3 noun nature",""
"the shore","la orilla","3 noun nature",""
"a drought","una sequía","3 noun nature",""
"a flood","una inundación","3 noun nature",""
"a flame","una llama","3 noun nature",""
"a jet of water","un chorro","3 noun nature",""
"a feather","una pluma","3 noun nature",""
"a seed","una semilla","3 noun nature",""
"a sunflower","un girasol","3 noun nature",""
"the woods","el bosque","3 noun nature",""
"foilage","el follaje","3 noun nature",""
"human resources","recursos humanos","3 noun business",""
"planning","el planteamiento","3 noun business",""
"sales","las ventas","3 noun business",""
"value","el valor","3 noun business",""
"a design","un diseño","3 noun business",""
"a creation","una obra","3 noun business",""
"a profit","un provecho","3 noun business",""
"an agreement","un acuerdo","3 noun business",""
"the law","el derecho","3 noun business",""
"law firm","estudio jurídico","3 noun business",""
"an advantage","una ventaja","3 noun business",""
"a learning experience","un aprendizaje","3 noun business",""
"a collection","un cobro","3 noun entertainment",""
"board games","los juegos de mesa","3 noun entertainment",""
"chess","el ajedrez","3 noun entertainment",""
"Buddhism","el budismo","3 noun entertainment",""
"a seat","una butaca","3 noun entertainment",""
"a television channel","un canal de televisión","3 noun entertainment",""
"a hangover","una resaca","3 noun entertainment",""
"a binge","una juerga","3 noun entertainment",""
"the smurfs","los pitufos","3 noun entertainment",""
"the flute","la flauta","3 noun entertainment",""
"expos","las exposiciones","3 noun entertainment",""
"a drum","una batería","3 noun entertainment",""
"step-mother","la madrastra","3 noun family",""
"step-father","el padrastro","3 noun family",""
"god-mother","la madrina","3 noun family",""
"god-father","el padrino","3 noun family",""
"mother in law","la suegra","3 noun family",""
"father in law","el suegro","3 noun family",""
"the hiccups","el hipo","3 noun health",""
"complexion","la tez","3 noun health",""
"a scar","una cicatriz","3 noun health",""
"a pimple","un granito","3 noun health",""
"eucalyptus","el eucalipto","3 noun health",""
"friendship","la amistad","3 noun intangible",""
"friendliness","la amabilidad","3 noun intangible",""
"wickedness","la maldad","3 noun intangible",""
"humility","la humildad","3 noun intangible",""
"beauty","la belleza","3 noun intangible",""
"vengeance","la venganza","3 noun intangible",""
"pain","la pena","3 noun intangible",""
"death","la muerte","3 noun intangible",""
"personality","la personalidad","3 noun intangible",""
"embarrassment","la vergüenza","3 noun intangible",""
"reverence","la reverencia","3 noun intangible",""
"wisdom","la sabiduría","3 noun intangible",""
"support","el sostén","3 noun intangible",""
"the subconscious","el inconsciente","3 noun intangible",""
"faith","la fe","3 noun intangible",""
"an artisan","un artesano","3 noun job",""
"a magician","un mago","3 noun job",""
"a witch","una bruja","3 noun job",""
"a traffic sign","una señal de tráfico","3 noun navigation",""
"the pier","el malecón","3 noun place",""
"the tower","la torre","3 noun place",""
"a castle","un castillo","3 noun place",""
"a field","una cancha","3 noun sport",""
"tennis courts","las canchas de tenis","3 noun sport",""
"a running race","una carrera","3 noun sport",""
"laps","las vueltas","3 noun sport",""
"a triumph","un triunfo","3 noun sport",""
"a hunter","un cazador","3 noun sport",""
"a throw","un tiro","3 noun sport",""
"a dart","un dardo","3 noun sport",""
"an arrow","una flecha","3 noun sport",""
"a hike","una caminata","3 noun sport",""
"a kick","una patada","3 noun sport",""
"chemistry","la química","3 noun study",""
"a degree","una licenciatura","3 noun study",""
"a phd","un doctorado","3 noun study",""
"a lab","un laboratorio","3 noun study",""
"a scholarship","una beca","3 noun study",""
"a database","una base de datos","3 noun technology",""
"a key on a keyboard","una tecla","3 noun technology",""
"a computer keyboard","un teclado","3 noun technology",""
"replacements","los repuestos","3 noun technology",""
"headphones","los audiofonos","3 noun technology",""
"a machine","una máquina","3 noun technology",""
"the width","el ancho","3 noun",""
"a teddy bear","un osito","3 noun",""
"a soul","una alma","3 noun",""
"a strip","una tira","3 noun",""
"a force","una fuerza","3 noun",""
"a challenge","un reto","3 noun",""
"behaviour","el comportamiento","3 noun",""
"sweetness","la dulzura","3 noun",""
"a wand","una varita","3 noun",""
"a memory","un recuerdo","3 noun",""
"a flaw","una falla","3 noun",""
"pulse","el pulso","3 noun",""
"gravity","la gravedad","3 noun",""
"damage","el daño","3 noun",""
"a measurement","una medida","3 noun",""
"architecture","la arquitectura","3 noun",""
"marble","el mármol","3 noun",""
"topic","el asunto","3 noun",""
"a blow","un golpe","3 noun",""
"a fright","un susto","3 noun",""
"a trail","un sendero","3 noun",""
"to pertain to","pertenecer","4 verb passive",""
"capitals","las mayúsculas","4 noun language",""
